benchmark,autoVec,explicitVec,fullVec
axpy,1.0,1.0,1.0
blackscholes,1.0,624166.5111111111,624166.5111111111
canneal,1.0,298742.2269064748,298742.2269064748
jacobi2d,1.0,1.0,1.0
lavaMD,1.0,93984.1451104101,93984.1451104101
particlefilter,1.0,2.646749482591914,2.6467497697616578
pathfinder,1.0,12.960384234088016,12.959059481472206
somier,1.0,0.9936908517350158,0.9936908517350158
streamcluster,1.0,0.9999999077537887,0.9999999077537887
swaptions,1.0,1.5720666119487066,1.5720666123498952
