autoVec,explicitVec,fullVec
1.0,1.5649350649350648,1.5389610389610389
