autoVec,explicitVec,fullVec
0.9803220035778175,1.6332737030411448,1.6404293381037567
