autoVec,explicitVec,fullVec
1.0615384615384615,1.3213675213675213,1.4005698005698008
