autoVec,explicitVec,fullVec
1.04149377593361,1.16597510373444,1.16597510373444
