autoVec,explicitVec,fullVec
1.072407045009785,1.4207436399217221,1.4735812133072408
