autoVec,explicitVec,fullVec
0.9754098360655737,1.6584699453551912,1.7213114754098362
