autoVec,explicitVec,fullVec
0.9778656126482215,1.081422924901186,1.1596837944664034
