autoVec,explicitVec,fullVec
1.0484114977307109,2.2072617246596065,2.263237518910741
