fullVec,autoVec,explicitVec
0.8410229698393158,0.9997468185553537,0.8413042427648312
