fullVec,autoVec,explicitVec
0.8647799006063368,0.9920404266540652,0.8625852288420068
