explicitVec,fullVec,autoVec
2.2622200686518643,2.0043633358287245,1.6989185963286235
