fullVec,autoVec,explicitVec
1.3432566134765453,1.705767357067623,1.0771439183648568
