autoVec,explicitVec,fullVec
1.0001107914889773,0.8663597410653071,0.8651409355066753
