autoVec,explicitVec,fullVec
1033.2347806035164,167.89012908128913,174.28998195383232
