fullVec,autoVec,explicitVec
6.823476637993744,1.3236690484196676,6.791161448427319
