explicitVec,autoVec,fullVec
37.994661657571136,1.2835832934408398,40.09288157708899
