fullVec,explicitVec,autoVec
1.994223223727775,1.8258368666053904,1.7737643431078958
