autoVec,explicitVec,fullVec
1.322280461200535,19.85961198990072,20.612062498362274
