explicitVec,autoVec,fullVec
452.1103079795958,1.536500026124389,452.0999518261954
