autoVec,explicitVec,fullVec
1.0000741284805277,0.841353655418235,0.8422487916898673
