explicitVec,autoVec,fullVec
337.01867312240756,1.5536687259809423,374.6296235220923
