fullVec,explicitVec,autoVec
3.519305465922067,3.1585488510976845,2.993718675664447
