fullVec,explicitVec,autoVec
132.68270882745648,131.1140851359223,1.7064270547915046
