autoVec,fullVec,explicitVec
1.3371376167233249,6.898797668377986,6.8891005535171015
