autoVec,explicitVec,fullVec
589.2104825421604,40.175214339876085,40.17002993868696
