fullVec,explicitVec,autoVec
2.0043633358287245,2.2622200686518643,1.6989185963286235
