autoVec,explicitVec,fullVec
0.9966369274161059,17.933936413437145,17.957945263392777
