autoVec,explicitVec,fullVec
0.9997468185553537,0.8413042427648312,0.8410229698393158
