fullVec,autoVec,explicitVec
0.13954568330236009,0.9985601672564234,0.1396962825200773
