fullVec,autoVec,explicitVec
3.5368376058193664e-11,0.676786406678824,4.224117588256321
