autoVec,explicitVec,fullVec
1.013882782483137,21.31057298508612,21.295461826695306
