autoVec,explicitVec,fullVec
1.0000736948391142,0.09752218892084633,0.0975200001337638
