explicitVec,autoVec,fullVec
4.585013519162987,1.2623030643667974,4.802005301932611
