fullVec,explicitVec,autoVec
20.612062498362274,19.85961198990072,1.322280461200535
