explicitVec,autoVec,fullVec
131.1140851359223,1.7064270547915046,132.68270882745648
