fullVec,autoVec,explicitVec
182.173611763385,1081.2612271861037,175.54617034600827
