fullVec,autoVec,explicitVec
21.94869370978956,0.6934055660943463,22.248360598561668
