explicitVec,autoVec,fullVec
21.711464042629324,1.0079860580290219,21.631438895328795
