autoVec,explicitVec,fullVec
1.7064270547915046,131.1140851359223,132.68270882745648
