explicitVec,fullVec,autoVec
2.878328866384532,3.3710817419457015,1.9607741344271254
