explicitVec,fullVec,autoVec
6.8891005535171015,6.898797668377986,1.3371376167233249
