autoVec,explicitVec,fullVec
1.0079860580290219,21.711464042629324,21.631438895328795
