fullVec,autoVec,explicitVec
3.8767919348320845,1.3248820001199841,3.873661235427866
