explicitVec,autoVec,fullVec
175.54617034600827,1081.2612271861037,182.173611763385
