autoVec,explicitVec,fullVec
1.5536687259809423,337.01867312240756,374.6296235220923
