explicitVec,fullVec,autoVec
21.711464042629324,21.631438895328795,1.0079860580290219
