fullVec,autoVec,explicitVec
3.371081741945702,1.960774134427126,2.8783288663845323
