explicitVec,autoVec,fullVec
2.878328866384532,1.9607741344271254,3.3710817419457015
