fullVec,autoVec,explicitVec
5.991521251725514,1.8950911087638678,4.811686015988419
