explicitVec,autoVec,fullVec
360.32609851203233,1.5358272441160754,360.316330969977
