benchmark,autoVec,explicitVec,fullVec
axpy,0.9461190768401833,1.3205615589547102,1.3827341575118988
blackscholes,1.0356020106917738,1.164653315247746,1.1540572887576799
canneal,1.0266224616659758,1.183174471612101,1.2114380439287193
jacobi2d,1.1387157695939565,1.4028958136606862,1.4072710103871577
pathfinder,1.0195190041417816,1.1521704308825884,1.1642754170385117
somier,1.0152032702430283,1.2732948818456713,1.3169447866502408
streamcluster,1.0074020699593869,1.0373378750163762,1.132090921000917
swaptions,1.0313526284701713,1.4393148257531008,1.3922976963969285
