autoVec,explicitVec,fullVec,fma,fmaScalar
1.008695652173913,1.834782608695652,1.8521739130434782,1.7130434782608697,1.0434782608695652
