autoVec,explicitVec,fullVec,indexInRange
1.0441988950276244,1.3977900552486189,1.5248618784530388,2.403314917127072
