autoVec,explicitVec,fullVec,indexInRange
1.5732368896925857,3.2441229656419526,3.019891500904159,3.5858951175406872
