autoVec,explicitVec,fullVec,indexInRange
1.0286532951289398,1.6446991404011462,1.6418338108882522,1.9541547277936966
