autoVec,explicitVec,fullVec,indexInRange
1.0681818181818181,1.909090909090909,1.9431818181818181,3.5113636363636362
