autoVec,explicitVec,fullVec,indexInRange
1.358811040339703,2.358811040339703,2.464968152866242,3.063694267515924
