benchmark,autoVec,explicitVec,fullVec
axpy,1.019108280254777,1.643312101910828,1.6369426751592357
blackscholes,1.0123022847100176,1.748681898066784,1.7398945518453428
canneal,1.1025784753363228,1.5156950672645741,1.3105381165919283
jacobi2d,1.075187969924812,1.2105263157894737,1.2067669172932332
pathfinder,1.025925925925926,1.4907407407407407,1.5277777777777777
somier,1.0,1.695538057742782,1.6902887139107612
streamcluster,0.9705882352941178,1.1756302521008404,1.2882352941176471
swaptions,1.122340425531915,2.731382978723404,2.5731382978723403
