benchmark,autoVec,explicitVec,fullVec
axpy,1.0504740189607584,1.4540501620064803,1.4302652106084244
blackscholes,1.242698173894999,1.42311682921768,1.6917669641004358
canneal,1.2486984179361675,1.0288272928926285,1.4463968175401933
jacobi2d,1.0342544305714843,1.3642914331465172,1.4323025988358253
pathfinder,1.1933381275150328,1.3134017779273834,1.4283397340759216
somier,1.0257755957167647,1.377745799297414,1.3706564523638212
streamcluster,1.145246105105007,1.130994763257885,1.1539340889048568
swaptions,1.1788139366616575,2.498385929760116,2.129876996716202
