fullVec,serial,autoVec,explicitVec
0.0371449474368041,0.0033903606680949,0.0045214220432575,0.03721120219093
