fullVec,serial,autoVec,explicitVec
1.4479120894168848e-05,1.393195502580482e-05,9.757558983925152e-06,1.647451431863485e-05
