serial,fullVec,autoVec,explicitVec
3.4702808931476404e-05,0.0001267826703702,0.0251121063022078,8.167611793395619e-05
