pow,indexInRange
0.1557306270710728,0.1665025491500225
