serial,explicitVec,autoVec,fullVec
1.0054485325745438e-05,1.7461065291949416e-05,1.0254827902975544e-05,1.7613716590055244e-05
