fullVec,autoVec,serial,explicitVec
0.0960916405446684,0.0221792267704256,0.022197944201768,0.0962068344530997
