fmaScalar,indexInRange,fma
0.0001570776553226,0.1217684369027924,0.1193623973730814
