explicitVec,fullVec,autoVec,serial
0.0001508820920907,0.0001063845392431,0.0002896666060488,6.278264108942986e-05
