serial,autoVec,explicitVec,fullVec
0.0007405599966342,0.0007459267146023,0.0006432420041397,0.000539750836694
