autoVec,explicitVec,fullVec,serial
3.027487588527287e-05,9.846345633448751e-05,8.62927336392294e-05,3.0478491505633064e-05
