Iteration,autoVec,explicitVec,fullVec,serial
1,11.66799509503372,N/A,N/A,N/A
2,11.665951578302177,N/A,N/A,N/A
3,11.662170447578173,N/A,N/A,N/A
4,11.667688534641325,N/A,N/A,N/A
5,11.650949173300674,N/A,N/A,N/A
6,11.644124847001224,N/A,N/A,N/A
7,11.65105601469238,N/A,N/A,N/A
8,11.647995102540557,N/A,N/A,N/A
9,11.648607284970922,N/A,N/A,N/A
10,11.65248009797918,N/A,N/A,N/A
MEAN,11.65574272588055,N/A,N/A,N/A
