Iteration,autoVec,explicitVec,fullVec,serial
1,9.810148731408574,N/A,N/A,N/A
2,10.073873873873874,N/A,N/A,N/A
3,9.480658296572786,N/A,N/A,N/A
4,10.072583542939274,N/A,N/A,N/A
5,10.040194664744053,N/A,N/A,N/A
6,9.716984402079724,N/A,N/A,N/A
7,9.823788546255507,N/A,N/A,N/A
8,10.119241192411923,N/A,N/A,N/A
9,10.081022686352178,N/A,N/A,N/A
10,9.58224587912088,N/A,N/A,N/A
MEAN,9.875331096591912,N/A,N/A,N/A
