Iteration,autoVec,explicitVec,fullVec,serial
1,N/A,N/A,N/A,1.125
2,N/A,N/A,N/A,1.127388535031847
3,N/A,N/A,N/A,1.3157894736842104
4,N/A,N/A,N/A,1.1923076923076923
5,N/A,N/A,N/A,1.1548387096774193
6,N/A,N/A,N/A,1.185897435897436
7,N/A,N/A,N/A,0.988950276243094
8,N/A,N/A,N/A,1.044871794871795
9,N/A,N/A,N/A,1.3984962406015036
10,N/A,N/A,N/A,1.0943396226415094
MEAN,N/A,N/A,N/A,1.155844155844156
