Iteration,autoVec,explicitVec,fullVec,serial
1,N/A,N/A,N/A,1.905166312809625
2,N/A,N/A,N/A,1.7078045685279186
3,N/A,N/A,N/A,1.663012392755005
4,N/A,N/A,N/A,1.8065750565315706
5,N/A,N/A,N/A,1.7631939684715556
6,N/A,N/A,N/A,1.5741945477075587
7,N/A,N/A,N/A,1.747146021468734
8,N/A,N/A,N/A,1.7962068965517242
9,N/A,N/A,N/A,1.9138636768108204
10,N/A,N/A,N/A,1.611904761904762
MEAN,N/A,N/A,N/A,1.7438209752839011
