Iteration,autoVec,explicitVec,fullVec,serial
1,2.4832463377673006,N/A,N/A,N/A
2,2.4819865319865317,N/A,N/A,N/A
3,2.483490566037736,N/A,N/A,N/A
4,2.4817247768233113,N/A,N/A,N/A
5,2.4765835579514826,N/A,N/A,N/A
6,2.483659029649596,N/A,N/A,N/A
7,2.483659029649596,N/A,N/A,N/A
8,2.4816374663072778,N/A,N/A,N/A
9,2.482236066677892,N/A,N/A,N/A
10,2.4817309311331877,N/A,N/A,N/A
MEAN,2.481812057931964,N/A,N/A,N/A
