Iteration,autoVec,explicitVec,fullVec,serial
1,N/A,N/A,N/A,4.225706256470936
2,N/A,N/A,N/A,4.223569421854207
3,N/A,N/A,N/A,4.18859070244904
4,N/A,N/A,N/A,4.190322580645161
5,N/A,N/A,N/A,4.189058374889997
6,N/A,N/A,N/A,4.190322580645161
7,N/A,N/A,N/A,4.18572266197596
8,N/A,N/A,N/A,4.188269794721408
9,N/A,N/A,N/A,4.188884000586596
10,N/A,N/A,N/A,4.188535405365783
MEAN,N/A,N/A,N/A,4.196092831962397
