Iteration,autoVec,explicitVec,fullVec,serial
1,N/A,N/A,N/A,3.432316491897045
2,N/A,N/A,N/A,3.4454022988505746
3,N/A,N/A,N/A,3.4350011970313625
4,N/A,N/A,N/A,3.4361549497847914
5,N/A,N/A,N/A,3.4303827751196176
6,N/A,N/A,N/A,3.446599616858238
7,N/A,N/A,N/A,3.416805522494644
8,N/A,N/A,N/A,3.441218809980806
9,N/A,N/A,N/A,3.4552005765073264
10,N/A,N/A,N/A,3.457218606893227
MEAN,N/A,N/A,N/A,3.4393105099353605
