Iteration,autoVec,explicitVec,fullVec,serial
1,N/A,N/A,N/A,1.4848484848484849
2,N/A,N/A,N/A,1.4264705882352942
3,N/A,N/A,N/A,1.5303030303030303
4,N/A,N/A,N/A,2.6060606060606055
5,N/A,N/A,N/A,2.0
6,N/A,N/A,N/A,1.621212121212121
7,N/A,N/A,N/A,1.4848484848484849
8,N/A,N/A,N/A,1.4696969696969697
9,N/A,N/A,N/A,2.0606060606060606
10,N/A,N/A,N/A,1.8030303030303028
MEAN,N/A,N/A,N/A,1.7575757575757576
