Iteration,autoVec,explicitVec,fullVec,serial
1,N/A,3.130066545674531,N/A,N/A
2,N/A,3.1899109792284865,N/A,N/A
3,N/A,3.219614921780987,N/A,N/A
4,N/A,3.298732649366325,N/A,N/A
5,N/A,3.1589403973509933,N/A,N/A
6,N/A,3.0533491404860698,N/A,N/A
7,N/A,3.0615570307785154,N/A,N/A
8,N/A,3.0525997581620317,N/A,N/A
9,N/A,3.2178041543026703,N/A,N/A
10,N/A,2.993377483443709,N/A,N/A
MEAN,N/A,3.1380552220888354,N/A,N/A
