Iteration,autoVec,explicitVec,fullVec,serial
1,N/A,N/A,N/A,9.615839781520256
2,N/A,N/A,N/A,9.56844020009095
3,N/A,N/A,N/A,9.486936936936937
4,N/A,N/A,N/A,9.649886621315192
5,N/A,N/A,N/A,9.639344262295081
6,N/A,N/A,N/A,9.632634457611669
7,N/A,N/A,N/A,9.632513661202184
8,N/A,N/A,N/A,9.606102003642986
9,N/A,N/A,N/A,9.673348519362188
10,N/A,N/A,N/A,9.666514806378133
MEAN,N/A,N/A,N/A,9.618462937698954
