benchmark,auto-vectorized,vector-api,fully-vectorized
axpy,1.019108280254777,1.643312101910828,1.643312101910828
blackscholes,1.0070052539404553,1.737302977232925,1.7302977232924694
canneal,0.8746928746928746,1.2982800982800982,1.1764127764127763
jacobi2d,0.9261744966442954,1.1241610738255037,1.087248322147651
lavamd,0.9890590809628008,1.9912472647702408,2.0218818380743984
pathfinder,0.9747747747747748,1.3045045045045045,1.4936936936936935
somier,0.9864864864864864,1.7945945945945947,1.7297297297297298
streamcluster,1.6044273339749762,1.512993262752647,1.426371511068335
swaptions,1.0054347826086956,2.733695652173913,2.908967391304348
