benchmark,indexInRange,pow,fma,autoVec,explicitVec,fullVec,xorExtended,fmaScalar,xorPublic
axpy,22186904.292063493,,52338428.9,,,1.0,,42098261.4984127,
blackscholes,1757301.6309148266,10543801.25236593,,,,1240445.7271293374,,,
canneal,882020.3713669066,,,,,383367.6339568345,,,
jacobi2d,1258174299.4826498,,,,,1.0,,,
pathfinder,99677.80036831473,,,,,10.966876399225088,,,
somier,113570612.14826499,30668488.859621454,604300738.9100946,,,0.9936908517350158,,557834790.0757098,
streamcluster,1.0,2553.658533802511,,,,0.9999999077537887,,,
swaptions,47.90661489520763,15.682216968534695,,,,14.887125925227437,,,
