benchmark,indexInRange,pow,fma,autoVec,explicitVec,fullVec,xorExtended,fmaScalar,xorPublic
axpy,11182198617.6,,26378565760.0,,,1.0,,21217501983.2,
blackscholes,891303334.4,5347814652.0,,,,1240445.7271293374,,,
canneal,4904033195.2,,,,,383367.6345323741,,,
jacobi2d,638146004595.2,,,,,1.0,,,
pathfinder,199964671824.8,,,,,10.966876399225088,,,
somier,57603016048.0,15555052624.0,305152806016.8,,,0.9936908517350158,,282933807532.8,
streamcluster,69379484.0,177171662534.4,,,,0.9999999077537887,,,
swaptions,95529351996.8,31271509014.4,,,,14.887124752546638,,,
