benchmark,autoVec,explicitVec,fullVec
axpy,1.0,1.0,1.0
blackscholes,1.0,1240445.7271293374,1240445.7271293374
canneal,1.0,383367.6329496403,383367.6345323741
jacobi2d,1.0,1.0,1.0
pathfinder,1.0,10.966876399225088,10.966876399225088
somier,1.0,0.9936908517350158,0.9936908517350158
streamcluster,0.9999999538768943,0.9999999077537887,0.9999999077537887
swaptions,1.0000000052154525,14.887124746528809,14.887124752546638
