benchmark,autoVec,explicitVec,fullVec
axpy,1.0,1.0,1.0
blackscholes,1.0,1240445.7271293374,1240445.7271293374
canneal,1.0,383367.6339568345,383367.6339568345
jacobi2d,1.0,1.0,1.0
lavaMD,1.0,93978.91798107256,93978.91798107256
pathfinder,1.0,10.966876399225088,10.966876399225088
somier,1.0,0.9936908517350158,0.9936908517350158
streamcluster,0.9999999538768943,0.9999999077537887,0.9999999077537887
swaptions,0.999999991976227,14.887123522107416,14.887125925227437
