benchmark,indexInRange,pow,fma,autoVec,explicitVec,fullVec,xorExtended,fmaScalar,xorPublic
axpy,22186902.01904762,,52338424.12698413,,,1.0,,42098218.22063492,
blackscholes,1757301.52681388,10543798.604100946,,,,1240445.7271293374,,,
canneal,882020.3588489208,,,,,383367.6345323741,,,
jacobi2d,1258174299.280757,,,,,1.0,,,
pathfinder,99677.80029693281,,,,,10.966876399225088,,,
somier,113570615.23659307,30668479.148264986,601641967.6987382,,,0.9936908517350158,,557834794.0315458,
streamcluster,0.9999991467225456,2553.6585333758726,,,,0.9999999077537887,,,
swaptions,47.9066150204425,15.682218209868536,,,,14.887124752546638,,,
