fullVec,autoVec,serial,explicitVec,benchmark
0.0001063845392431,0.0002896666060488,6.278264108942986e-05,0.0001508820920907,axpy
0.0960916405446684,0.0221792267704256,0.022197944201768,0.0962068344530997,blackscholes
0.000539750836694,0.0007459267146023,0.0007405599966342,0.0006432420041397,canneal
1.4479120894168848e-05,9.757558983925152e-06,1.393195502580482e-05,1.647451431863485e-05,jacobi2d
8.62927336392294e-05,3.027487588527287e-05,3.0478491505633064e-05,9.846345633448751e-05,pathfinder
1.7613716590055244e-05,1.0254827902975544e-05,1.0054485325745438e-05,1.7461065291949416e-05,somier
0.0001267826703702,0.0251121063022078,3.4702808931476404e-05,8.167611793395619e-05,streamcluster
0.0371449474368041,0.0045214220432575,0.0033903606680949,0.03721120219093,swaptions
