benchmark,auto-vectorized,vector-api,fully-vectorized
axpy,0.9661016949152543,1.0458715596330275,1.0458715596330275
blackscholes,1.0049004594180704,3.762614678899083,3.8736717827626923
canneal,1.0098623853211008,0.7999636627906976,0.8125115334932644
jacobi2d,0.9888751545117428,1.0405053883314752,1.0540184453227932
lavamd,1.000777604976672,1.0902160101651843,1.0900621118012424
pathfinder,0.998158379373849,1.7307786784573818,1.7632632632632634
somier,1.0110485720241817,2.581160191591272,2.5908119658119655
streamcluster,0.8353082146185594,2.5936337329474988,2.5514436762911754
swaptions,0.9852272727272727,0.25014425851125216,0.2464468447981808
