benchmark,autoVec,explicitVec,fullVec
axpy,1.0,1.0092850510677809,1.0
blackscholes,1.0,359925.63707093825,359925.6279176202
canneal,1.0004723107804936,314606.20297555794,314606.20297555794
jacobi2d,0.9857777777777779,0.984,0.9733333333333334
pathfinder,1.0,10.958932786461249,10.958931192391827
somier,0.9982440737489026,0.957857769973661,0.957857769973661
streamcluster,0.9999995849156359,0.9999997232770907,0.9999995272650298
swaptions,0.9996056539198387,14.887121917785514,14.887125287781345
