benchmark,autoVec,explicitVec,fullVec
axpy,,,
blackscholes,,inf,inf
canneal,,inf,inf
jacobi2d,,,
pathfinder,,,
somier,,,
streamcluster,1.0289855072463767,1.1014492753623188,1.0724637681159421
swaptions,0.9710144927536232,9.83695652173913,9.920289855072463
