benchmark,autoVec,explicitVec,fullVec
axpy,1.0,1.0092850510677809,1.0
blackscholes,1.0,359931.71304347826,359931.7070938215
canneal,1.0004725339633787,314756.0400472534,314755.6511518015
jacobi2d,0.9857270294380018,0.983942908117752,0.9768064228367529
pathfinder,1.0000015940973763,10.959118575737758,11.122201113716132
somier,1.0,0.9645704162976085,0.9645704162976085
streamcluster,0.9999997232664429,0.9999997693887025,0.999999538777405
swaptions,0.9999999542645248,14.887066739147926,14.887066736339609
