fullVec,autoVec,explicitVec
1.4201784604846392,0.9998686127717032,1.420034495619872
