fullVec,autoVec,explicitVec
38.711360339015094,1.3340797205095052,38.70147395382164
