autoVec,explicitVec,fullVec
403.4459353360529,0.6549144780445285,1.0492722250386426
