fullVec,autoVec,explicitVec
0.47468509181660284,0.6384036220764548,0.5399808128232492
