explicitVec,autoVec,fullVec
1.736644365797496,1.0199256919413975,1.7518267737637148
