explicitVec,autoVec,fullVec
1.1824983850522552,0.7003725583273965,1.0392741626965178
