autoVec,explicitVec,fullVec
1.007246837518218,0.8685886451647343,0.7288414701673526
