autoVec,explicitVec,fullVec
723.6332468588854,2.353588094128994,3.653383523522346
