fullVec,autoVec,explicitVec
10.956046000166838,1.3336109298950078,10.97558809630705
