explicitVec,autoVec,fullVec
2.353588094128994,723.6332468588854,3.653383523522346
