autoVec,explicitVec,fullVec
0.9991567943782422,4.334042539193207,4.328853143842707
