autoVec,fullVec,explicitVec
1.3336109298950078,10.956046000166838,10.97558809630705
