fullVec,explicitVec,autoVec
1.2161833619101574,1.7274746466666417,2.6587364416413726
