fullVec,autoVec,explicitVec
8.93373839635639,1.0000442628120003,8.926717208580943
