fullVec,explicitVec,autoVec
1.6944897092105768,2.4032453791769943,4.61380090136999
