fullVec,explicitVec,autoVec
2.831266554753233,3.2305882433941786,0.9933193668616256
