fullVec,explicitVec,autoVec
1.7518267737637148,1.736644365797496,1.0199256919413975
