fullVec,autoVec,explicitVec
2.831266554753233,0.9933193668616256,3.2305882433941786
