explicitVec,fullVec,autoVec
10.97558809630705,10.956046000166838,1.3336109298950078
