fullVec,autoVec,explicitVec
4.328853143842707,0.9991567943782422,4.334042539193207
