fullVec,autoVec,explicitVec
4.752347358283554e-12,0.9932688868844985,1.1958187607191528
