fullVec,autoVec,explicitVec
1.0392741626965178,0.7003725583273965,1.1824983850522552
