autoVec,explicitVec,fullVec
1.0129563566810595,1.7445620452198087,1.4646594329652087
