fullVec,autoVec,explicitVec
3.653383523522346,723.6332468588854,2.353588094128994
