explicitVec,autoVec,fullVec
0.2448268133714795,1.00151033004046,0.25232765042732946
