autoVec,explicitVec,fullVec
1.0136986301369864,2.0,2.041095890410959
