autoVec,explicitVec,fullVec
0.9477351916376308,1.8222996515679444,1.9512195121951224
