autoVec,explicitVec,fullVec,pow
0.9907834101382489,1.7419354838709677,1.8133640552995394,1.8294930875576039
