autoVec,explicitVec,fullVec
1.1717709720372835,1.6471371504660455,1.673768308921438
