autoVec,explicitVec,fullVec,indexInRange
0.9114503816793892,1.3442748091603052,1.4137404580152673,1.483969465648855
