autoVec,explicitVec,fullVec
1.0305343511450382,1.3206106870229006,1.3587786259541983
