autoVec,explicitVec,fullVec
1.0146341463414634,2.180487804878049,2.229268292682927
