autoVec,explicitVec,fullVec,indexInRange
1.0118694362017804,1.8219584569732936,2.1928783382789314,2.28486646884273
