autoVec,explicitVec,fullVec,xorPublic
1.1122994652406417,2.6470588235294117,2.481283422459893,2.2566844919786098
