autoVec,explicitVec,fullVec
1.0585774058577406,1.5564853556485356,1.4769874476987448
