autoVec,explicitVec,fullVec
1.0304878048780488,2.1097560975609753,1.7621951219512193
