autoVec,explicitVec,fullVec
1.0846023688663284,0.9221658206429781,0.9763113367174281
