autoVec,explicitVec,fullVec,indexInRange
0.8602661596958174,1.005703422053232,0.9553231939163497,1.2252851711026616
