autoVec,explicitVec,fullVec
1.1366742596810935,2.0956719817767655,2.020501138952164
