Iteration,Ratio pow,Ratio indexInRange
0,0.1508172917961015,0.1684079603976919
1,0.1574806174881772,0.1561489288806587
2,0.1506261560673182,0.1680559522150896
3,0.1570092915692229,0.1673342021688268
4,0.1559293850354495,0.1658741402210215
5,0.1567682547449832,0.1679380757259131
6,0.1573278904165928,0.1678745582870451
7,0.1574409280526792,0.1682575156686446
8,0.1574251605371354,0.1682040439873544
9,0.1569077663039138,0.1677335546599831
