indexInRange,pow
0.0196109920118318,0.0029854229277847
