Iteration,Ratio pow,Ratio indexInRange
0,0.0194834852012566,0.0158367778463214
1,0.0744066325272987,0.0255667660278055
2,0.0074948364583042,0.0094574472519393
3,0.0050775500820853,0.0234553170196591
4,0.0017117784770878,0.0014481059474154
5,0.018910103404113,0.0189669240552956
6,0.0188380938976431,0.0188483930707319
7,0.0150703822495524,0.0099478316175227
8,0.0060026099534907,0.0062234857412208
9,0.0231589336551009,0.0287201688727252
