Iteration,indexInRange,pow
0,0.019610678100089,0.0029849840824053
1,0.0196048760129314,0.0029856816036932
2,0.0196104419131866,0.00298486209187
3,0.0195908487445048,0.0029855756059904
4,0.01960978711798,0.0029839291745572
5,0.0196137266651764,0.0029850654602679
6,0.019638307575748,0.0029883046192773
7,0.0196084946910266,0.0029851115732971
8,0.01961299686111,0.0029854857634845
9,0.0196097063572982,0.00298522411774
