Iteration,Ratio indexInRange
0,0.2792923423364132
1,0.279186233804667
2,0.2792626970713034
3,0.279258316131568
4,0.2792444935818274
5,0.2792404674247178
6,0.2792590707576893
7,0.2792583042873601
8,0.2792761318779997
9,0.2792360246398902
