Iteration,indexInRange,pow
0,0.0283675891171314,0.0179752141625997
1,0.0283535279537198,0.0179698695604575
2,0.0283558150668816,0.0179715285962999
3,0.0281770555357933,0.0179742552024545
4,0.0283411699558236,0.0178616213039263
5,0.0283550347972174,0.0180231278627514
6,0.0283632839457406,0.0179758423974735
7,0.0283648250276093,0.0179752211680881
8,0.0283608051277186,0.0179716645022407
9,0.0283621875257722,0.0179723417544415
