explicitVec,autoVec,serial,fullVec
0.0159971127796799,0.0007426890521512,0.0007368048855789,0.0159381498601797
