Iteration,indexInRange
0,0.0052569513166761
1,0.0052560993665764
2,0.0052573529607443
3,0.0052561669780786
4,0.0052569135859898
5,0.0052565120812242
6,0.0052568261851042
7,0.0052569970193401
8,0.0052567616232513
9,0.0052568894363337
