Iteration,indexInRange
0,0.0065299508472683
1,0.0065078312330194
2,0.0065377863838619
3,0.0065722769979719
4,0.0065645771567343
5,0.0065720485055553
6,0.0065955343628472
7,0.0066333507614428
8,0.0066184037817281
9,0.0066465746252263
