Iteration,Ratio indexInRange
0,0.0340958691570716
1,0.0480579396515501
2,0.0484849687527597
3,0.048745363292461
4,0.0492403888104399
5,0.0494990132441048
6,0.0501326574836952
7,0.0501607140335779
8,0.0504187693699947
9,0.0504719457853877
