Iteration,indexInRange
0,0.0366910242193061
1,0.0366865321596434
2,0.036700880190134
3,0.0366934618747457
4,0.0366947254926812
5,0.0366556472701595
6,0.0366929932583661
7,0.0366922334233721
8,0.036693937658478
9,0.0366926191409477
