Iteration,Ratio indexInRange
0,0.0215312536377643
1,0.0331116294822723
2,0.0188441235058492
3,0.0221788084300002
4,0.1210919486450854
5,0.0221533374535502
6,0.022524781657255
7,0.0214896624605358
8,0.0218499176435002
9,0.0191723529775653
