fma,fmaScalar,indexInRange,pow
0.0002297636772519,2.9365557416253782e-06,0.0034179833689305,0.0025204392917877
