pow,indexInRange
0.0069664295170481,0.0201375924101112
