Iteration,pow,indexInRange
0,0.0069748739987744,0.0204460416440236
1,0.006971544560033,0.0202864235906825
2,0.0069832161261971,0.0199696355659784
3,0.0069680835438631,0.0203133394297773
4,0.00695524867617,0.020232779245464
5,0.0069006953230177,0.0199335856462729
6,0.0069847187767894,0.0203347136513736
7,0.0069738817368754,0.020321627967148
8,0.0069730541777796,0.0192707438121828
9,0.0069797549557312,0.0203198293120714
