fmaScalar,fma,indexInRange
0.0001482011684437,0.0001324821768641,0.0169567400638166
