Iteration,indexInRange
0,0.0103943648693158
1,0.0103945979471997
2,0.0103881505045172
3,0.0103944181720854
4,0.010394280768266
5,0.0103944777750843
6,0.0103954434621152
7,0.0103939291626031
8,0.0103944950891008
9,0.0103944311007363
