Iteration,pow,indexInRange
0,0.0179752141625997,0.0283675891171314
1,0.0179698695604575,0.0283535279537198
2,0.0179715285962999,0.0283558150668816
3,0.0179742552024545,0.0281770555357933
4,0.0178616213039263,0.0283411699558236
5,0.0180231278627514,0.0283550347972174
6,0.0179758423974735,0.0283632839457406
7,0.0179752211680881,0.0283648250276093
8,0.0179716645022407,0.0283608051277186
9,0.0179723417544415,0.0283621875257722
