Iteration,Ratio indexInRange
0,0.0184027211204289
1,0.0124300943894215
2,0.0147448276615223
3,0.0725158794987926
4,0.0035306514422128
5,0.0189690044851355
6,0.0187164982199107
7,0.0161794821857497
8,0.0090010525565676
9,0.0197108038130625
