serial,fullVec,autoVec,explicitVec
2.2514342731913706e-05,0.004100820660864159,0.024339891668206277,0.00395164031321236
