explicitVec,autoVec,fullVec,serial
0.018900727372712922,0.021816721284569067,0.01887746266834801,0.021814309676338316
