serial,explicitVec,autoVec,fullVec
2.2514342731913706e-05,0.00395164031321236,0.024339891668206277,0.00410082066086416
