fullVec,explicitVec,autoVec,serial
8.982503858461681e-05,8.654545353978925e-05,5.507407845334817e-06,3.85885752636428e-06
