fullVec,explicitVec,autoVec,serial
0.00022298379489654993,0.00022036519453045005,2.868172961387425e-06,1.6807694889889208e-06
