explicitVec,serial,fullVec,autoVec
1.2871494364185523e-05,4.4727496913896245e-06,1.5076514914002942e-05,8.769750061955905e-06
