autoVec,fullVec,explicitVec,serial
0.0041042622560935795,0.02117541575613276,0.021145645606737873,0.00306943451697515
