explicitVec,fullVec,autoVec,serial
0.0001601565600717622,0.00014281240372144378,0.00011876843170980324,6.950022621064311e-05
