serial,fullVec,autoVec,explicitVec
0.02445088394541679,0.020563837220965078,0.024444704368775,0.020570677772240163
