autoVec,explicitVec,serial,fullVec
0.02181672128456907,0.01890072737271292,0.02181430967633832,0.01887746266834801
