autoVec,explicitVec,serial,fullVec
0.00018624629855641,0.040400151412986154,0.00011987509817128,0.0449087685915512
