fullVec,serial,explicitVec,autoVec
0.0449087685915512,0.00011987509817127997,0.040400151412986154,0.00018624629855641
