fullVec,autoVec,explicitVec,serial
0.02056383722096508,0.024444704368775,0.02057067777224016,0.02445088394541679
