serial,explicitVec,fullVec,autoVec
6.950022621064311e-05,0.0001601565600717622,0.00014281240372144375,0.00011876843170980321
