explicitVec,autoVec,serial,fullVec
1.2871494364185523e-05,8.769750061955905e-06,4.472749691389625e-06,1.5076514914002942e-05
