serial,explicitVec,fullVec,autoVec
0.00306943451697515,0.02114564560673787,0.02117541575613276,0.0041042622560935795
