autoVec,explicitVec,fullVec,serial
5.507407845334818e-06,8.654545353978925e-05,8.982503858461681e-05,3.858857526364279e-06
