autoVec,explicitVec,fullVec,serial
2.868172961387425e-06,0.00022036519453045,0.00022298379489655,1.6807694889889204e-06
