serial,explicitVec,fullVec,autoVec
0.00073691254504133,0.01600009460610615,0.01594133303179712,0.00074278930752631
