benchmark,autoVec,explicitVec,fullVec
axpy,1.0,1.0,1.0
blackscholes,1.0,832262.1365079365,832262.1365079365
canneal,1.0,179143.4932413,179143.49223468508
jacobi2d,1.0,0.9936908517350158,0.9936908517350158
lavaMD,1.0,93984.1451104101,93984.1451104101
particlefilter,1.0,3.187300285321039,3.187300285321039
pathfinder,1.0,10.966892297679806,10.965567542950845
somier,1.0,1.0,1.0
streamcluster,1.0,0.9999998731711685,0.9999998731711685
swaptions,0.9999999975930205,2.644757508679372,2.6447575183072907
