benchmark,autoVec,explicitVec,fullVec
axpy,,,
blackscholes,,inf,inf
canneal,,inf,inf
jacobi2d,,,
lavaMD,,inf,
particlefilter,1.092783505154639,0.7319587628865979,0.7216494845360825
pathfinder,,,
somier,,,
streamcluster,1.0344827586206897,0.6724137931034483,0.6206896551724138
swaptions,0.9797191887675507,2.7410296411856474,2.655226209048362
