autoVec,explicitVec,fullVec
1.6079030454628673,1640.6839201784824,1641.7096185234857
