explicitVec,fullVec,autoVec
606.8562648101387,609.5372883675776,5.996007847216731
