fullVec,autoVec,explicitVec
9.585807482588764,1.0047837375756035,9.591391863896632
