fullVec,explicitVec,autoVec
609.5372883675776,606.8562648101387,5.996007847216731
