autoVec,explicitVec,fullVec
251.07777662988534,996.9316564471079,962.5343192576541
