explicitVec,autoVec,fullVec
16464.523599348402,1.2064671089997454,16575.8624749076
