autoVec,explicitVec,fullVec
1.2064671089997454,16464.523599348402,16575.8624749076
