fullVec,autoVec,explicitVec
65538.40073594029,1.9344531416710082,65452.1250095165
