explicitVec,autoVec,fullVec
685.932657770569,1.5608197664830965,685.9323334784681
