fullVec,autoVec,explicitVec
6.764610824707248,1.3412381167410974,6.764579458641459
