explicitVec,fullVec,autoVec
27.232499273733758,27.250773581370147,1.3360581785049732
