fullVec,autoVec,explicitVec
27.250773581370147,1.3360581785049732,27.232499273733758
