explicitVec,autoVec,fullVec
996.9316564471079,251.07777662988534,962.5343192576541
