fullVec,autoVec,explicitVec
1.0225924256586578e-07,0.993355186646724,1888.9294009712703
