fullVec,explicitVec,autoVec
16575.8624749076,16464.523599348402,1.2064671089997454
