explicitVec,fullVec,autoVec
59.021107473627715,59.57025617789548,1.0444326205155456
