explicitVec,fullVec,autoVec
65452.1250095165,65538.40073594029,1.9344531416710082
