autoVec,explicitVec,fullVec
0.9852996545961028,56001.58102413582,62953.9467922652
