fullVec,explicitVec,autoVec
62953.9467922652,56001.58102413582,0.9852996545961028
