fullVec,autoVec,explicitVec
0.7084173404414409,1.0000844615974507,0.7084981405559209
