explicitVec,autoVec,fullVec
65452.1250095165,1.9344531416710082,65538.40073594029
