explicitVec,autoVec,fullVec
2232.4920476685897,1.1862063747280809,2232.948287146505
