autoVec,explicitVec,fullVec
1.0444326205155456,59.021107473627715,59.57025617789548
