fullVec,autoVec,explicitVec
962.5343192576541,251.07777662988534,996.9316564471079
