autoVec,explicitVec,fullVec
1.0435786087877288,50.870959574354586,50.860395433245756
