fullVec,explicitVec,autoVec
1641.7096185234857,1640.6839201784824,1.6079030454628673
