autoVec,explicitVec,fullVec
1.0000770796371474,0.5703924851295664,0.570404693805179
