explicitVec,autoVec,fullVec
9.591391863896632,1.0047837375756035,9.585807482588764
