autoVec,explicitVec,fullVec
139.9825738750673,199.47661870372121,199.47794365898602
