fullVec,explicitVec,autoVec
300.2037832242554,300.51754708160814,3.518174836383064
