fullVec,autoVec,explicitVec
7437.68896106585,1.740988998971142,7437.611680988213
