Iteration,Ratio indexInRange
0,0.1269969008269008
1,0.1269349018911221
2,0.1269604570375871
3,0.1270132044942091
4,0.12697929805077
5,0.126996845937239
6,0.1270045161394302
7,0.126958000321793
8,0.1270037577862074
9,0.1270068430386084
