Iteration,Ratio indexInRange
0,0.165019510340897
1,0.1649524137296126
2,0.1650638796021396
3,0.1650026714387201
4,0.1649384024286435
5,0.1650404360194874
6,0.1650165184764691
7,0.1650749126314428
8,0.1650224220173561
9,0.1650527392431449
