Iteration,Ratio indexInRange,Ratio pow
0,0.1110112224205738,0.1808069855136445
1,0.1109244475904102,0.1807971816418889
2,0.1111282427079972,0.1809329615243849
3,0.110961361618044,0.1807658619866664
4,0.1108831248671471,0.1806758069186096
5,0.111054390367313,0.1807303957113022
6,0.111105401721522,0.1809661098396493
7,0.1110126957106419,0.1808118990683705
8,0.1111386146763799,0.1809619305960906
9,0.1111139741764045,0.1808855970670298
