Iteration,Ratio indexInRange,Ratio pow
0,0.0689721079010938,0.550489219271302
1,0.0689224866724518,0.5502585674326028
2,0.0689784699661634,0.5484263149641737
3,0.0688882887312354,0.5494378043354841
4,0.0689871313803403,0.5493909300520404
5,0.0689669866273728,0.5491783920821616
6,0.0689943479788643,0.5489116149770833
7,0.0689850456780413,0.550273966287962
8,0.0689693844386491,0.5493085366052747
9,0.0689778468263067,0.5489536681255976
