Iteration,autoVec,explicitVec,fullVec,serial
1,12.897608828939301,N/A,N/A,N/A
2,13.000306466441925,N/A,N/A,N/A
3,12.920294297976701,N/A,N/A,N/A
4,12.92366646229307,N/A,N/A,N/A
5,12.90232700551133,N/A,N/A,N/A
6,12.870869033047736,N/A,N/A,N/A
7,12.906948270584635,N/A,N/A,N/A
8,12.884909703091521,N/A,N/A,N/A
9,12.932659932659933,N/A,N/A,N/A
10,12.888854868340477,N/A,N/A,N/A
MEAN,12.912710566615619,N/A,N/A,N/A
