Iteration,autoVec,explicitVec,fullVec,serial
1,10.872265966754156,N/A,N/A,N/A
2,11.314774774774774,N/A,N/A,N/A
3,10.57974211062097,N/A,N/A,N/A
4,11.166546891843335,N/A,N/A,N/A
5,11.244592645998557,N/A,N/A,N/A
6,10.80727902946274,N/A,N/A,N/A
7,10.926343612334803,N/A,N/A,N/A
8,11.263595302619693,N/A,N/A,N/A
9,11.216420597767375,N/A,N/A,N/A
10,10.635473901098901,N/A,N/A,N/A
MEAN,10.99717464241568,N/A,N/A,N/A
