explicitVec,autoVec,fullVec
4.334042539193207,0.9991567943782422,4.328853143842707
