explicitVec,fullVec,autoVec
2.4032453791769943,1.6944897092105768,4.61380090136999
