explicitVec,fullVec,autoVec
0.8685886451647343,0.7288414701673526,1.007246837518218
