autoVec,explicitVec,fullVec,serial
5.964422647594694e-06,0.3390005229407964,0.3810860424559648,6.053409863458898e-06
