fullVec,explicitVec,autoVec,serial
0.3810860424559648,0.3390005229407964,5.964422647594694e-06,6.053409863458898e-06
