fma,fmaScalar,indexInRange
0.2305853605694821,0.0233024011841882,0.2306287927555526
