pow,indexInRange
0.1808334263162554,0.1110332789449149
