fma,fmaScalar,indexInRange
0.1193623973730814,0.0001570776553226,0.1217684369027924
