autoVec,explicitVec,serial,fullVec
0.0244512766434027,0.2182599711843644,0.0244501944090442,0.2184316405904565
