explicitVec,autoVec,serial,fullVec
0.0441156566090068,0.0007806669988105,0.0007474555883032,0.0445261208768212
