fullVec,serial,autoVec,explicitVec
0.2516287010532574,3.839408624984466e-06,7.427156076759966e-06,0.2512974532850991
