serial,explicitVec,fullVec,autoVec
6.876506902718476e-05,0.0417305129392487,0.0419148737092395,0.0004123158935014
