fullVec,serial,autoVec,explicitVec
0.3810860424559648,6.053409863458898e-06,5.964422647594694e-06,0.3390005229407964
