serial,explicitVec,autoVec,fullVec
2.203574321762881e-06,0.0362808014235831,2.658539941443338e-06,0.0365261449107793
