indexInRange,pow
0.0689643247463625,0.5494733504471008
