autoVec,explicitVec,serial,fullVec
0.0216248145091246,0.2064245888787438,0.0215218595807513,0.2063044026083905
