indexInRange,fma,pow,fmaScalar
0.0725560104050484,0.0408513852091893,0.0425785128483606,2.469270088205436e-06
