fmaScalar,indexInRange,fma
0.0233024011841882,0.2306287927555526,0.2305853605694821
