autoVec,explicitVec,fullVec,serial
2.658539941443338e-06,0.0362808014235831,0.0365261449107793,2.203574321762881e-06
