indexInRange,pow
0.1665025491500225,0.1557306270710728
