serial,fullVec,autoVec,explicitVec
4.587632115267692e-05,0.0441575335507374,0.0115185247149727,0.0457355568384377
