autoVec,fullVec,explicitVec,serial
0.0042308951044723,0.0862950179815638,0.0862371487360771,0.0031666997534543
