fma,fmaScalar,indexInRange,pow
0.0408513852091893,2.469270088205436e-06,0.0725560104050484,0.0425785128483606
