explicitVec,autoVec,serial,fullVec
0.2512974532850991,7.427156076759966e-06,3.839408624984466e-06,0.2516287010532574
