pow,indexInRange
0.5494733504471008,0.0689643247463625
