serial,explicitVec,autoVec,fullVec
0.0001231932294499,0.2021211506333092,0.0001980827688129,0.2022475097248716
