fullVec,explicitVec,autoVec,serial
0.0365261449107793,0.0362808014235831,2.658539941443338e-06,2.203574321762881e-06
