fullVec,autoVec,serial,explicitVec
0.2063044026083905,0.0216248145091246,0.0215218595807513,0.2064245888787438
