fullVec,serial,explicitVec,autoVec
0.2022475097248716,0.0001231932294499,0.2021211506333092,0.0001980827688129
