indexInRange,pow
0.1110332789449149,0.1808334263162554
