indexInRange,pow
0.0201375924101112,0.0069664295170481
