autoVec,explicitVec,serial,fullVec
0.0243170282390143,0.0039512694370749,2.353485257707898e-05,0.0041018890309452
