autoVec,explicitVec,fullVec,serial
2.868146857803304e-06,0.0002203753452223,0.0002230118734579,1.6807907784571205e-06
