fullVec,serial,autoVec,explicitVec
8.982455954106459e-05,4.357863728979163e-06,5.762318061403651e-06,8.654548276238805e-05
