serial,explicitVec,autoVec,fullVec
5.9913245520463495e-06,0.0002276383492357,7.690364100588617e-06,0.0002402094657551
