fullVec,explicitVec,autoVec,serial
8.982455954106459e-05,8.654548276238805e-05,5.762318061403651e-06,4.357863728979163e-06
