fullVec,serial,autoVec,explicitVec
9.34059005406302e-05,4.255647364515789e-06,2.9508895698899836e-06,9.468117714606588e-05
