fmaScalar,indexInRange,fma
0.022773028970957,0.0221845393500482,0.0222077454282082
