explicitVec,serial,fullVec,autoVec
1.2874070267796048e-05,4.472758626767748e-06,1.5078034942826885e-05,8.77006942490199e-06
