fullVec,serial,autoVec,explicitVec
2.7221312531380355e-05,4.543305679428379e-06,8.609978197481104e-06,2.1860960404066293e-05
