fullVec,autoVec,serial,explicitVec
0.0188824496633929,0.0216611803849884,0.0218349774898255,0.0188345290548212
