fullVec,serial,autoVec,explicitVec
0.0211316575028323,0.0030969047926638,0.0040992770199516,0.0210315804373882
