fullVec,serial,explicitVec,autoVec
0.0449087682627712,0.0001198751124926,0.0404001513526554,0.0001862462133032
