fma,fmaScalar,indexInRange,pow
0.000252806891601,4.510907331896123e-06,0.0034348493733402,0.0025307558433515
