serial,fullVec,autoVec,explicitVec
0.0244508833870052,0.0205637545613339,0.0244446928770264,0.0205706319328356
