pow,indexInRange
0.0178727061027563,0.0199477349201583
