autoVec,explicitVec,serial,fullVec
0.0244506799640037,0.0205701441316472,0.0244488676065974,0.0205920291998422
