autoVec,explicitVec,serial,fullVec
0.0243395621083854,0.0039516046710981,2.251034393578245e-05,0.0041007906568175
