autoVec,fullVec,explicitVec,serial
0.0041042562416229,0.0211754071054547,0.0211456424472058,0.0030694344323963
