pow,indexInRange
0.0029885668987816,0.0195873129452539
