pow,indexInRange
0.0029854229277847,0.0196109920118318
