fullVec,autoVec,serial,explicitVec
0.0188724431863492,0.0218167160028978,0.0218142991642124,0.0188990305754282
