fullVec,serial,autoVec,explicitVec
1.5078034942826885e-05,4.4727586267677475e-06,8.77006942490199e-06,1.2874070267796048e-05
