indexInRange,pow
0.0199953327210634,0.0070332375014646
