indexInRange,pow
0.0283400222971509,0.017967000115854
