explicitVec,fullVec,autoVec,serial
0.000160437860237,0.0001421505224863,0.0001204882177861,7.092053618488607e-05
