pow,indexInRange
0.017967000115854,0.0283400222971509
