indexInRange,fma,pow,fmaScalar
0.0034179833689305,0.0002297636772519,0.0025204392917877,2.9365557416253782e-06
