serial,autoVec,explicitVec,fullVec
0.0007444957318718,0.000754831404177,0.0158656306311391,0.0158543804382135
