serial,explicitVec,autoVec,fullVec
1.6807907784571205e-06,0.0002203753452223,2.868146857803304e-06,0.0002230118734579
