fmaScalar,fma,indexInRange
0.0227716716238118,0.0221793084970214,0.022173000447908
