fma,fmaScalar,indexInRange
0.0004713637705381,0.0003350982739333,0.0167134304307884
