serial,fullVec,explicitVec,autoVec
9.26673504991004e-05,0.000326124713124,0.0002926943534532,0.0002774199778135
