serial,explicitVec,autoVec,fullVec
0.0001219146222006,0.0439290201691106,0.0001872397982318,0.0439278293629111
