benchmark,indexInRange,pow,fma,autoVec,explicitVec,fullVec,serial,xorExtended,fmaScalar,xorPublic
axpy,67.000000,,200.000000,,,0.000000,0.000000,,141.000000,
blackscholes,39.000000,47.000000,,,,24.000000,0.000000,,,
canneal,169.000000,,,,,117.000000,0.000000,,,
jacobi2d,1548.000000,,,,,0.000000,0.000000,,,
pathfinder,1839.000000,,,,,5.000000,0.000000,,,
somier,296.000000,90.000000,1689.000000,,,0.000000,0.000000,,1472.000000,
streamcluster,0.000000,1740.000000,,,,0.000000,0.000000,,,
swaptions,1114.000000,356.000000,,,,318.000000,27.000000,,,
