benchmark,indexInRange,pow,fma,autoVec,explicitVec,fullVec,serial,xorExtended,fmaScalar,xorPublic
axpy,11182198617.600000,,26378565760.000000,,,504.000000,504.000000,,21217501983.200000,
blackscholes,891303334.400000,5347814652.000000,,,,629154072.800000,507.200000,,,
canneal,4904033195.200000,,,,,2131524048.000000,5560.000000,,,
jacobi2d,638146004595.200000,,,,,507.200000,507.200000,,,
pathfinder,199964671824.800000,,,,,22000764.800000,2006110.400000,,,
somier,57603016048.000000,15555052624.000000,305152806016.800000,,,504.000000,507.200000,,282933807532.800000,
streamcluster,69379484.000000,177171662534.400000,,,,69379536.800000,69379543.200000,,,
swaptions,95529351996.800000,31271509014.400000,,,,29686033548.800000,1994074345.600000,,,
