benchmark,indexInRange,pow,fma,autoVec,explicitVec,fullVec,serial,xorExtended,fmaScalar,xorPublic
axpy,11182199763.200000,,26378568165.600000,,,504.000000,504.000000,,21217523795.200000,
blackscholes,891303387.200000,5347815995.200000,,,,629154072.800000,507.200000,,,
canneal,4904033264.800000,,,,,2131524044.800000,5560.000000,,,
jacobi2d,638146004697.600000,,,,,507.200000,507.200000,,,
pathfinder,199964671968.000000,,,,,22000764.800000,2006110.400000,,,
somier,57603014481.600000,15555057549.600000,306501334775.200000,,,504.000000,507.200000,,282933805526.400000,
streamcluster,69379543.200000,177171662564.000000,,,,69379536.800000,69379543.200000,,,
swaptions,95529352092.000000,31271506652.000000,,,,29686035994.400000,1994074352.800000,,,
