benchmark,indexInRange,pow,fma,autoVec,explicitVec,fullVec,serial,xorExtended,fmaScalar,xorPublic
axpy,46.000000,,138.000000,,,0.000000,0.000000,,88.000000,
blackscholes,5.000000,29.000000,,,,3.000000,0.000000,,,
canneal,5.000000,,,,,3.000000,0.000000,,,
jacobi2d,645.000000,,,,,0.000000,0.000000,,,
pathfinder,1310.000000,,,,,1.000000,0.000000,,,
somier,193.000000,50.000000,1016.000000,,,0.000000,0.000000,,912.000000,
streamcluster,0.000000,1427.000000,,,,0.000000,0.000000,,,
swaptions,769.000000,252.000000,,,,240.000000,16.000000,,,
