benchmark,autoVec,explicitVec,fullVec,serial
axpy,504.000000,504.000000,504.000000,504.000000
blackscholes,507.200000,629154072.800000,629154072.800000,507.200000
canneal,5560.000000,2131524039.200000,2131524048.000000,5560.000000
jacobi2d,507.200000,507.200000,507.200000,507.200000
pathfinder,2006110.400000,22000764.800000,22000764.800000,2006110.400000
somier,507.200000,504.000000,504.000000,507.200000
streamcluster,69379540.000000,69379536.800000,69379536.800000,69379543.200000
swaptions,1994074356.000000,29686033536.800000,29686033548.800000,1994074345.600000
