benchmark,autoVec,explicitVec,fullVec,serial
axpy,0.000000,0.000000,0.000000,0.000000
blackscholes,0.000000,20.000000,24.000000,0.000000
canneal,0.000000,122.000000,117.000000,0.000000
jacobi2d,0.000000,0.000000,0.000000,0.000000
lavaMD,0.000000,0.000000,0.000000,0.000000
pathfinder,0.000000,5.000000,5.000000,0.000000
somier,0.000000,0.000000,0.000000,0.000000
streamcluster,0.000000,0.000000,0.000000,0.000000
swaptions,24.000000,273.000000,318.000000,27.000000
