benchmark,autoVec,explicitVec,fullVec,serial
axpy,504.000000,504.000000,504.000000,504.000000
blackscholes,507.200000,629154072.800000,629154072.800000,507.200000
canneal,5560.000000,2131524044.800000,2131524044.800000,5560.000000
jacobi2d,507.200000,507.200000,507.200000,507.200000
lavaMD,507.200000,47666107.200000,47666107.200000,507.200000
pathfinder,2006110.400000,22000764.800000,22000764.800000,2006110.400000
somier,507.200000,504.000000,504.000000,507.200000
streamcluster,69379540.000000,69379536.800000,69379536.800000,69379543.200000
swaptions,1994074336.800000,29686031202.400000,29686035994.400000,1994074352.800000
