benchmark,autoVec,explicitVec,fullVec,serial
axpy,0.000000,0.000000,0.000000,0.000000
blackscholes,0.000000,26.000000,26.000000,0.000000
canneal,0.000000,124.000000,127.000000,0.000000
jacobi2d,0.000000,0.000000,0.000000,0.000000
pathfinder,0.000000,6.000000,4.000000,0.000000
somier,0.000000,0.000000,0.000000,0.000000
streamcluster,0.000000,0.000000,0.000000,0.000000
swaptions,23.000000,347.000000,309.000000,26.000000
