benchmark,indexInRange,pow,fma,autoVec,explicitVec,fullVec,serial,xorExtended,fmaScalar,xorPublic
axpy,77.000000,,196.000000,,,0.000000,0.000000,,142.000000,
blackscholes,41.000000,44.000000,,,,26.000000,0.000000,,,
canneal,185.000000,,,,,127.000000,0.000000,,,
jacobi2d,1565.000000,,,,,0.000000,0.000000,,,
pathfinder,1867.000000,,,,,4.000000,0.000000,,,
somier,295.000000,90.000000,1667.000000,,,0.000000,0.000000,,1512.000000,
streamcluster,0.000000,1942.000000,,,,0.000000,0.000000,,,
swaptions,1129.000000,370.000000,,,,309.000000,26.000000,,,
