benchmark,autoVec,explicitVec,fullVec,serial
axpy,0.000000,0.000000,0.000000,0.000000
blackscholes,0.000000,280.000000,272.000000,0.000000
canneal,0.000000,113.000000,110.000000,0.000000
jacobi2d,0.000000,0.000000,0.000000,0.000000
pathfinder,0.000000,0.000000,0.000000,0.000000
somier,0.000000,0.000000,0.000000,0.000000
streamcluster,142.000000,152.000000,148.000000,138.000000
swaptions,268.000000,2715.000000,2738.000000,276.000000
