benchmark,autoVec,explicitVec,fullVec,serial
axpy,1723.200000,1739.200000,1723.200000,1723.200000
blackscholes,1748.000000,629150013.600000,629149997.600000,1748.000000
canneal,6778.400000,2131519946.400000,2131519946.400000,6775.200000
jacobi2d,1774.400000,1771.200000,1752.000000,1800.000000
pathfinder,2007440.800000,21999408.800000,21999405.600000,2007440.800000
somier,1819.200000,1745.600000,1745.600000,1822.400000
streamcluster,69383456.800000,69383466.400000,69383452.800000,69383485.600000
swaptions,1993281395.200000,29685929676.800000,29685936396.800000,1994067748.000000
