benchmark,autoVec,explicitVec,fullVec,serial
axpy,0.000000,0.000000,0.000000,0.000000
blackscholes,0.000000,1.000000,1.000000,0.000000
canneal,0.000000,1.000000,1.000000,0.000000
jacobi2d,0.000000,0.000000,0.000000,0.000000
pathfinder,0.000000,0.000000,0.000000,0.000000
somier,0.000000,0.000000,0.000000,0.000000
streamcluster,1.000000,1.000000,1.000000,1.000000
swaptions,13.000000,191.000000,194.000000,13.000000
