benchmark,autoVec,explicitVec,fullVec,serial
axpy,1723.200000,1739.200000,1723.200000,1723.200000
blackscholes,1748.000000,629160634.400000,629160624.000000,1748.000000
canneal,6775.200000,2131527903.200000,2131525269.600000,6772.000000
jacobi2d,1768.000000,1764.800000,1752.000000,1793.600000
pathfinder,2007408.800000,21999396.000000,22326768.800000,2007405.600000
somier,1806.400000,1742.400000,1742.400000,1806.400000
streamcluster,69380796.800000,69380800.000000,69380784.000000,69380816.000000
swaptions,1994075616.000000,29685938136.000000,29685938130.400000,1994075707.200000
