benchmark,autoVec,explicitVec,fullVec,serial
axpy,0.000000,0.000000,0.000000,0.000000
blackscholes,0.000000,56.000000,62.000000,0.000000
canneal,0.000000,279.000000,227.000000,0.000000
jacobi2d,0.000000,0.000000,0.000000,0.000000
pathfinder,0.000000,0.000000,0.000000,0.000000
somier,0.000000,0.000000,0.000000,0.000000
streamcluster,0.000000,0.000000,0.000000,0.000000
swaptions,102.000000,1006.000000,1018.000000,91.000000
