Iteration,autoVec,explicitVec,fullVec,serial
1,N/A,N/A,N/A,1.3484848484848484
2,N/A,N/A,N/A,1.1764705882352942
3,N/A,N/A,N/A,1.2424242424242424
4,N/A,N/A,N/A,1.2727272727272727
5,N/A,N/A,N/A,1.2272727272727273
6,N/A,N/A,N/A,1.2272727272727273
7,N/A,N/A,N/A,1.1818181818181817
8,N/A,N/A,N/A,1.2424242424242424
9,N/A,N/A,N/A,1.2272727272727273
10,N/A,N/A,N/A,1.2272727272727273
MEAN,N/A,N/A,N/A,1.2424242424242424
