Iteration,autoVec,explicitVec,fullVec,serial
1,N/A,1.6588021778584392,N/A,N/A
2,N/A,1.5869436201780414,N/A,N/A
3,N/A,1.6040914560770156,N/A,N/A
4,N/A,1.6487628243814123,N/A,N/A
5,N/A,1.6038531005418424,N/A,N/A
6,N/A,1.5779490219324244,N/A,N/A
7,N/A,1.6421243210621606,N/A,N/A
8,N/A,1.6136638452237002,N/A,N/A
9,N/A,1.5798219584569733,N/A,N/A
10,N/A,1.6393738711619505,N/A,N/A
MEAN,N/A,1.6158463385354143,N/A,N/A
