Iteration,autoVec,explicitVec,fullVec,serial
1,N/A,N/A,N/A,3.868001820664542
2,N/A,N/A,N/A,3.856298317417008
3,N/A,N/A,N/A,3.8247747747747742
4,N/A,N/A,N/A,3.8539682539682536
5,N/A,N/A,N/A,3.870218579234973
6,N/A,N/A,N/A,3.8742023701002735
7,N/A,N/A,N/A,3.8647540983606556
8,N/A,N/A,N/A,3.867030965391621
9,N/A,N/A,N/A,3.874715261958998
10,N/A,N/A,N/A,3.8706150341685652
MEAN,N/A,N/A,N/A,3.863119599818099
