Iteration,autoVec,explicitVec,fullVec,serial
1,N/A,N/A,N/A,1.20625
2,N/A,N/A,N/A,1.5605095541401273
3,N/A,N/A,N/A,1.5639097744360901
4,N/A,N/A,N/A,1.3012820512820513
5,N/A,N/A,N/A,1.5225806451612902
6,N/A,N/A,N/A,1.4294871794871795
7,N/A,N/A,N/A,1.2265193370165746
8,N/A,N/A,N/A,1.2884615384615385
9,N/A,N/A,N/A,1.7293233082706767
10,N/A,N/A,N/A,1.2893081761006289
MEAN,N/A,N/A,N/A,1.4025974025974026
