Iteration,autoVec,explicitVec,fullVec,serial
1,N/A,N/A,N/A,3.433474876150035
2,N/A,N/A,N/A,3.0697969543147208
3,N/A,N/A,N/A,3.0718144264378773
4,N/A,N/A,N/A,3.381979474691251
5,N/A,N/A,N/A,3.3430431802604526
6,N/A,N/A,N/A,3.000154894671623
7,N/A,N/A,N/A,3.293065258135969
8,N/A,N/A,N/A,3.347586206896552
9,N/A,N/A,N/A,3.459156433529098
10,N/A,N/A,N/A,3.068888888888889
MEAN,N/A,N/A,N/A,3.238643954575818
