Iteration,autoVec,explicitVec,fullVec,serial
1,3.3407981141606333,N/A,N/A,N/A
2,3.3974747474747473,N/A,N/A,N/A
3,3.331873315363881,N/A,N/A,N/A
4,3.339902307562742,N/A,N/A,N/A
5,3.34383423180593,N/A,N/A,N/A
6,3.3337264150943398,N/A,N/A,N/A
7,3.3317048517520216,N/A,N/A,N/A
8,3.327156334231806,N/A,N/A,N/A
9,3.3342313520794744,N/A,N/A,N/A
10,3.327496211483415,N/A,N/A,N/A
MEAN,3.340518693162681,N/A,N/A,N/A
