Iteration,autoVec,explicitVec,fullVec,serial
1,N/A,N/A,N/A,17.71601834048218
2,N/A,N/A,N/A,17.730888658879195
3,N/A,N/A,N/A,17.567825194310018
4,N/A,N/A,N/A,17.548533724340174
5,N/A,N/A,N/A,17.560574948665298
6,N/A,N/A,N/A,17.548533724340174
7,N/A,N/A,N/A,17.545880973321605
8,N/A,N/A,N/A,17.54692082111437
9,N/A,N/A,N/A,17.562985775040328
10,N/A,N/A,N/A,17.560621609734646
MEAN,N/A,N/A,N/A,17.589453584018802
