Iteration,autoVec,explicitVec,fullVec,serial
1,N/A,N/A,N/A,7.778836987607246
2,N/A,N/A,N/A,7.817528735632184
3,N/A,N/A,N/A,7.811108451041418
4,N/A,N/A,N/A,7.83405069344811
5,N/A,N/A,N/A,7.813397129186603
6,N/A,N/A,N/A,7.819923371647509
7,N/A,N/A,N/A,7.772435134491789
8,N/A,N/A,N/A,7.827975047984645
9,N/A,N/A,N/A,7.857314436704299
10,N/A,N/A,N/A,7.899493853940708
MEAN,N/A,N/A,N/A,7.8228393583911915
